{
  "kapsl": {
    "models": {
      "0": {
        "benchmark": {
          "requests": 20,
          "ok": 20,
          "errors": 0,
          "duration_sec": 47.18731042200034,
          "throughput_rps": 0.423842762410873,
          "latency_ms": {
            "min": 7479.351218999909,
            "max": 11340.60805199988,
            "mean": 9436.98417519995,
            "p50": 9295.742036999854,
            "p90": 11339.76872580024,
            "p99": 11340.464889659943
          },
          "per_turn_latency_ms": {
            "turn_1": {
              "min": 7479.351218999909,
              "max": 7481.44812999999,
              "mean": 7480.315452499781,
              "p50": 7480.231230499612,
              "p90": 7481.1194427999,
              "p99": 7481.415261279981
            },
            "turn_2": {
              "min": 8364.29387699991,
              "max": 8366.79584600006,
              "mean": 8365.802360249972,
              "p50": 8366.05985899996,
              "p90": 8366.702254399934,
              "p99": 8366.786486840047
            },
            "turn_3": {
              "min": 9295.296667000002,
              "max": 9297.676295999736,
              "mean": 9296.114259249862,
              "p50": 9295.742036999854,
              "p90": 9297.107387399865,
              "p99": 9297.619405139749
            },
            "turn_4": {
              "min": 10702.085857000384,
              "max": 10703.77100099995,
              "mean": 10702.754203500035,
              "p50": 10702.579977999903,
              "p90": 10703.4797651997,
              "p99": 10703.741877419925
            },
            "turn_5": {
              "min": 11339.516596000067,
              "max": 11340.60805199988,
              "mean": 11339.9346005001,
              "p50": 11339.806877000228,
              "p90": 11340.38200619998,
              "p99": 11340.58544741989
            }
          }
        }
      }
    },
    "snapshot": {
      "models": 1,
      "total_memory_bytes": 0,
      "max_model_memory_bytes": 0,
      "fragmentation_estimate": null,
      "runtime_rss_bytes": 2923732992,
      "gpu_memory_bytes": null,
      "system_gpu_utilization": 0.0,
      "total_throughput": 0.0,
      "avg_gpu_utilization": 0.0
    }
  },
  "vllm": {
    "models": {
      "/home/ubuntu/models-gguf/qwen2.5-1.5b-instruct-q4_k_m.gguf": {
        "benchmark": {
          "requests": 20,
          "ok": 20,
          "errors": 0,
          "duration_sec": 58.52659837400006,
          "throughput_rps": 0.3417249687431831,
          "latency_ms": {
            "min": 987.2809620001135,
            "max": 14461.456637000083,
            "mean": 10770.490076850047,
            "p50": 11568.54360699981,
            "p90": 13999.278526099533,
            "p99": 14461.336596139972
          },
          "per_turn_latency_ms": {
            "turn_1": {
              "min": 987.2809620001135,
              "max": 10174.435627000094,
              "mean": 5546.784457000285,
              "p50": 5512.710619500467,
              "p90": 9244.615647100272,
              "p99": 10081.45362901011
            },
            "turn_2": {
              "min": 10152.001172000382,
              "max": 11925.810075999834,
              "mean": 11075.082460500198,
              "p50": 11111.259297000288,
              "p90": 11780.397204399924,
              "p99": 11911.268788839843
            },
            "turn_3": {
              "min": 11085.625609999624,
              "max": 11885.453571000653,
              "mean": 11505.361344999983,
              "p50": 11525.183099499827,
              "p90": 11828.613512700304,
              "p99": 11879.769565170618
            },
            "turn_4": {
              "min": 11411.12974599946,
              "max": 12056.951155000206,
              "mean": 11806.828677249996,
              "p50": 11879.616904000159,
              "p90": 12012.315214000137,
              "p99": 12052.4875609002
            },
            "turn_5": {
              "min": 12803.296695999961,
              "max": 14461.456637000083,
              "mean": 13918.39344449977,
              "p50": 14204.410222499519,
              "p90": 14461.267098799908,
              "p99": 14461.437683180066
            }
          }
        },
        "snapshot": {
          "error": "Failed to fetch metrics: 404 {\"detail\":\"Not Found\"}"
        }
      }
    }
  }
}