{
  "kapsl": {
    "models": {
      "0": {
        "benchmark": {
          "requests": 20,
          "ok": 20,
          "errors": 0,
          "duration_sec": 30.350570290999713,
          "throughput_rps": 0.65896620090631,
          "latency_ms": {
            "min": 6029.8890419999225,
            "max": 6118.765541999892,
            "mean": 6069.714270949953,
            "p50": 6050.64958349999,
            "p90": 6117.484961899754,
            "p99": 6118.715540269986
          }
        }
      }
    },
    "snapshot": {
      "models": 1,
      "total_memory_bytes": 0,
      "max_model_memory_bytes": 0,
      "fragmentation_estimate": null,
      "runtime_rss_bytes": 2960818176,
      "gpu_memory_bytes": null,
      "system_gpu_utilization": 0.0,
      "total_throughput": 0.0,
      "avg_gpu_utilization": 0.0
    }
  },
  "vllm": {
    "models": {
      "Qwen/Qwen2.5-1.5B-Instruct": {
        "benchmark": {
          "requests": 20,
          "ok": 20,
          "errors": 0,
          "duration_sec": 39.460488874999555,
          "throughput_rps": 0.5068360927649613,
          "latency_ms": {
            "min": 7778.258708000067,
            "max": 7971.927041000072,
            "mean": 7888.210802000003,
            "p50": 7903.832229000045,
            "p90": 7965.3300497001055,
            "p99": 7970.721221960021
          }
        },
        "snapshot": {
          "memory_used_bytes": null,
          "memory_total_bytes": null,
          "fragmentation_proxy": null
        }
      }
    }
  }
}