{
  "kapsl": {
    "models": {
      "0": {
        "benchmark": {
          "requests": 120,
          "ok": 120,
          "errors": 0,
          "duration_sec": 320.27119941599994,
          "throughput_rps": 0.37468245730123273,
          "latency_ms": {
            "min": 11855.146583000078,
            "max": 42121.94599999998,
            "mean": 21084.244839191673,
            "p50": 17483.339417000025,
            "p90": 39269.61743720003,
            "p99": 42042.87093806003
          }
        }
      }
    },
    "snapshot": {
      "models": 1,
      "total_memory_bytes": 0,
      "max_model_memory_bytes": 0,
      "fragmentation_estimate": null,
      "runtime_rss_bytes": 1884569600,
      "gpu_memory_bytes": null,
      "system_gpu_utilization": 0.0,
      "total_throughput": 0.0,
      "avg_gpu_utilization": 0.0
    }
  },
  "vllm": {
    "models": {
      "Qwen/Qwen2.5-1.5B-Instruct": {
        "benchmark": {
          "requests": 120,
          "ok": 120,
          "errors": 0,
          "duration_sec": 237.36072358299998,
          "throughput_rps": 0.505559631722468,
          "latency_ms": {
            "min": 15244.731583999965,
            "max": 17018.670582999675,
            "mean": 15821.97192187499,
            "p50": 15746.129083000142,
            "p90": 16193.594045899772,
            "p99": 17017.612798540045
          }
        },
        "snapshot": {
          "memory_used_bytes": null,
          "memory_total_bytes": null,
          "fragmentation_proxy": null
        }
      }
    }
  }
}