{
  "kapsl": {
    "models": {
      "0": {
        "benchmark": {
          "requests": 20,
          "ok": 20,
          "errors": 0,
          "duration_sec": 41.43922733299951,
          "throughput_rps": 0.4826344815573648,
          "latency_ms": {
            "min": 8215.957250000429,
            "max": 8523.266416999832,
            "mean": 8287.47247905012,
            "p50": 8232.78766600015,
            "p90": 8521.668533300272,
            "p99": 8523.004984789804
          }
        }
      }
    },
    "snapshot": {
      "models": 1,
      "total_memory_bytes": 0,
      "max_model_memory_bytes": 0,
      "fragmentation_estimate": null,
      "runtime_rss_bytes": 3793272832,
      "gpu_memory_bytes": null,
      "system_gpu_utilization": 0.0,
      "total_throughput": 0.0,
      "avg_gpu_utilization": 0.0
    }
  }
}