{
  "kapsl": {
    "models": {
      "0": {
        "benchmark": {
          "requests": 80,
          "ok": 80,
          "errors": 0,
          "duration_sec": 190.79224229200008,
          "throughput_rps": 0.41930426016778566,
          "latency_ms": {
            "min": 11627.541999999721,
            "max": 39987.54462499983,
            "mean": 18685.31043436253,
            "p50": 16388.584250000124,
            "p90": 34554.88834550029,
            "p99": 39575.279306139906
          }
        }
      }
    },
    "snapshot": {
      "models": 1,
      "total_memory_bytes": 0,
      "max_model_memory_bytes": 0,
      "fragmentation_estimate": null,
      "runtime_rss_bytes": 3002777600,
      "gpu_memory_bytes": null,
      "system_gpu_utilization": 0.0,
      "total_throughput": 0.0,
      "avg_gpu_utilization": 0.0
    }
  },
  "vllm": {
    "models": {
      "Qwen/Qwen2.5-1.5B-Instruct": {
        "benchmark": {
          "requests": 80,
          "ok": 80,
          "errors": 0,
          "duration_sec": 155.7796316660001,
          "throughput_rps": 0.5135459568393658,
          "latency_ms": {
            "min": 14880.36962499973,
            "max": 16594.246125000154,
            "mean": 15575.89925102501,
            "p50": 15563.661937500001,
            "p90": 16551.657854199948,
            "p99": 16593.7100776101
          }
        },
        "snapshot": {
          "memory_used_bytes": null,
          "memory_total_bytes": null,
          "fragmentation_proxy": null
        }
      }
    }
  }
}