{
  "kapsl": {
    "models": {
      "0": {
        "benchmark": {
          "requests": 80,
          "ok": 80,
          "errors": 0,
          "duration_sec": 189.20893262499976,
          "throughput_rps": 0.42281301886816824,
          "latency_ms": {
            "min": 10749.356541999987,
            "max": 37721.93254100012,
            "mean": 18591.2754682,
            "p50": 15599.087479499985,
            "p90": 36442.22571280007,
            "p99": 37599.384482249814
          }
        }
      }
    },
    "snapshot": {
      "models": 1,
      "total_memory_bytes": 0,
      "max_model_memory_bytes": 0,
      "fragmentation_estimate": null,
      "runtime_rss_bytes": 3193372672,
      "gpu_memory_bytes": null,
      "system_gpu_utilization": 0.0,
      "total_throughput": 0.0,
      "avg_gpu_utilization": 0.0
    }
  },
  "vllm": {
    "models": {
      "Qwen/Qwen2.5-1.5B-Instruct": {
        "benchmark": {
          "requests": 80,
          "ok": 80,
          "errors": 0,
          "duration_sec": 153.013920417,
          "throughput_rps": 0.5228282484494261,
          "latency_ms": {
            "min": 15026.701417000368,
            "max": 15773.66416599989,
            "mean": 15299.159852650018,
            "p50": 15214.48445850001,
            "p90": 15697.376908299975,
            "p99": 15770.226349860031
          }
        },
        "snapshot": {
          "memory_used_bytes": null,
          "memory_total_bytes": null,
          "fragmentation_proxy": null
        }
      }
    }
  }
}