{
  "kapsl": {
    "models": {
      "0": {
        "benchmark": {
          "requests": 20,
          "ok": 20,
          "errors": 0,
          "duration_sec": 30.11133874999996,
          "throughput_rps": 0.6642016207266782,
          "latency_ms": {
            "min": 5953.318958000182,
            "max": 6121.412750000218,
            "mean": 6021.936097749949,
            "p50": 6008.22385399988,
            "p90": 6120.32031630024,
            "p99": 6121.332981540172
          }
        }
      }
    },
    "snapshot": {
      "models": 1,
      "total_memory_bytes": 0,
      "max_model_memory_bytes": 0,
      "fragmentation_estimate": null,
      "runtime_rss_bytes": 2714796032,
      "gpu_memory_bytes": null,
      "system_gpu_utilization": 0.0,
      "total_throughput": 0.0,
      "avg_gpu_utilization": 0.0
    }
  },
  "vllm": {
    "models": {
      "Qwen/Qwen2.5-1.5B-Instruct": {
        "benchmark": {
          "requests": 20,
          "ok": 20,
          "errors": 0,
          "duration_sec": 38.96892204100004,
          "throughput_rps": 0.5132294903861485,
          "latency_ms": {
            "min": 7695.524666999972,
            "max": 7878.704624999955,
            "mean": 7789.909654300027,
            "p50": 7770.2756250000675,
            "p90": 7877.21291309972,
            "p99": 7878.602808749961
          }
        },
        "snapshot": {
          "memory_used_bytes": null,
          "memory_total_bytes": null,
          "fragmentation_proxy": null
        }
      }
    }
  }
}