{
  "kapsl": {
    "models": {
      "0": {
        "benchmark": {
          "requests": 20,
          "ok": 20,
          "errors": 0,
          "duration_sec": 30.312781624999843,
          "throughput_rps": 0.6597876845292684,
          "latency_ms": {
            "min": 5919.03341699981,
            "max": 6333.492666000893,
            "mean": 6062.212751900188,
            "p50": 6009.707229000014,
            "p90": 6332.899841700782,
            "p99": 6333.400278690806
          }
        }
      }
    },
    "snapshot": {
      "models": 1,
      "total_memory_bytes": 0,
      "max_model_memory_bytes": 0,
      "fragmentation_estimate": null,
      "runtime_rss_bytes": 2307112960,
      "gpu_memory_bytes": null,
      "system_gpu_utilization": 0.0,
      "total_throughput": 0.0,
      "avg_gpu_utilization": 0.0
    }
  },
  "vllm": {
    "models": {
      "Qwen/Qwen2.5-1.5B-Instruct": {
        "benchmark": {
          "requests": 20,
          "ok": 20,
          "errors": 0,
          "duration_sec": 41.240555291999044,
          "throughput_rps": 0.4849595224504685,
          "latency_ms": {
            "min": 7600.902041000154,
            "max": 9435.651207999399,
            "mean": 8244.205206199877,
            "p50": 8133.9941870000985,
            "p90": 9405.007816600119,
            "p99": 9429.95925126932
          }
        },
        "snapshot": {
          "memory_used_bytes": null,
          "memory_total_bytes": null,
          "fragmentation_proxy": null
        }
      }
    }
  }
}