{
  "kapsl": {
    "models": {
      "0": {
        "benchmark": {
          "requests": 50,
          "ok": 50,
          "errors": 0,
          "duration_sec": 103.03053865600032,
          "throughput_rps": 0.4852930078036439,
          "latency_ms": {
            "min": 7325.687825999921,
            "max": 8359.496314000353,
            "mean": 7949.212834639984,
            "p50": 7886.52668900022,
            "p90": 8145.850332700138,
            "p99": 8359.19884284037
          }
        }
      }
    },
    "snapshot": {
      "models": 1,
      "total_memory_bytes": 0,
      "max_model_memory_bytes": 0,
      "fragmentation_estimate": null,
      "runtime_rss_bytes": 2922676224,
      "gpu_memory_bytes": null,
      "system_gpu_utilization": 0.0,
      "total_throughput": 0.0,
      "avg_gpu_utilization": 0.0
    }
  },
  "vllm": {
    "models": {
      "/home/ubuntu/models-gguf/qwen2.5-1.5b-instruct-q4_k_m.gguf": {
        "benchmark": {
          "requests": 50,
          "ok": 50,
          "errors": 0,
          "duration_sec": 259.65023452399964,
          "throughput_rps": 0.19256674307135457,
          "latency_ms": {
            "min": 4634.8408779995225,
            "max": 24013.700359000723,
            "mean": 20159.990015959957,
            "p50": 20763.706771499983,
            "p90": 22539.72357810062,
            "p99": 23814.072009450363
          }
        },
        "snapshot": {
          "error": "Failed to fetch metrics: 404 {\"detail\":\"Not Found\"}"
        }
      }
    }
  }
}