{
  "kapsl": {
    "models": {
      "0": {
        "benchmark": {
          "requests": 2,
          "ok": 2,
          "errors": 0,
          "duration_sec": 287.59580633399673,
          "throughput_rps": 0.006954204324096849,
          "latency_ms": {
            "min": 141043.6617080013,
            "max": 146550.82620800022,
            "mean": 143797.24395800076,
            "p50": 143797.24395800076,
            "p90": 146000.10975800033,
            "p99": 146495.75456300023
          }
        }
      }
    },
    "snapshot": {
      "models": 1,
      "total_memory_bytes": 0,
      "max_model_memory_bytes": 0,
      "fragmentation_estimate": null,
      "runtime_rss_bytes": 2770550784,
      "gpu_memory_bytes": null,
      "system_gpu_utilization": 0.0,
      "total_throughput": 0.0,
      "avg_gpu_utilization": 0.0
    }
  },
  "vllm": {
    "models": {
      "Qwen/Qwen2.5-1.5B-Instruct": {
        "benchmark": {
          "requests": 2,
          "ok": 2,
          "errors": 0,
          "duration_sec": 8.962421667001763,
          "throughput_rps": 0.2231539726995537,
          "latency_ms": {
            "min": 4425.110542000766,
            "max": 4537.041499999759,
            "mean": 4481.076021000263,
            "p50": 4481.076021000263,
            "p90": 4525.84840419986,
            "p99": 4535.922190419769
          }
        },
        "snapshot": {
          "memory_used_bytes": null,
          "memory_total_bytes": null,
          "fragmentation_proxy": null
        }
      }
    }
  }
}