{
  "kapsl": {
    "models": {
      "0": {
        "benchmark": {
          "requests": 20,
          "ok": 20,
          "errors": 0,
          "duration_sec": 58.67769508299989,
          "throughput_rps": 0.34084501737346534,
          "latency_ms": {
            "min": 8225.631791000069,
            "max": 25091.633458999924,
            "mean": 11714.605895800014,
            "p50": 8522.839958000077,
            "p90": 25090.7463794,
            "p99": 25091.555479579925
          }
        }
      }
    },
    "snapshot": {
      "models": 1,
      "total_memory_bytes": 0,
      "max_model_memory_bytes": 0,
      "fragmentation_estimate": null,
      "runtime_rss_bytes": 3175284736,
      "gpu_memory_bytes": null,
      "system_gpu_utilization": 0.0,
      "total_throughput": 0.0,
      "avg_gpu_utilization": 0.0
    }
  },
  "vllm": {
    "models": {
      "Qwen/Qwen2.5-1.5B-Instruct": {
        "benchmark": {
          "requests": 20,
          "ok": 20,
          "errors": 0,
          "duration_sec": 39.44135449999999,
          "throughput_rps": 0.5070819766090946,
          "latency_ms": {
            "min": 7618.219832999785,
            "max": 8442.215625000017,
            "mean": 7884.454806150006,
            "p50": 7773.3584579999615,
            "p90": 8442.116891599971,
            "p99": 8442.206299040015
          }
        },
        "snapshot": {
          "memory_used_bytes": null,
          "memory_total_bytes": null,
          "fragmentation_proxy": null
        }
      }
    }
  }
}