{
  "kapsl": {
    "models": {
      "0": {
        "benchmark": {
          "requests": 20,
          "ok": 20,
          "errors": 0,
          "duration_sec": 39.583186667005066,
          "throughput_rps": 0.5052650300303181,
          "latency_ms": {
            "min": 7797.371959000884,
            "max": 8211.683624998841,
            "mean": 7916.317010350031,
            "p50": 7854.374062502757,
            "p90": 8211.324886895454,
            "p99": 8211.639996248414
          }
        }
      }
    },
    "snapshot": {
      "models": 1,
      "total_memory_bytes": 0,
      "max_model_memory_bytes": 0,
      "fragmentation_estimate": null,
      "runtime_rss_bytes": 3264217088,
      "gpu_memory_bytes": null,
      "system_gpu_utilization": 0.0,
      "total_throughput": 0.0,
      "avg_gpu_utilization": 0.0
    }
  },
  "vllm": {
    "models": {
      "Qwen/Qwen2.5-1.5B-Instruct": {
        "benchmark": {
          "requests": 20,
          "ok": 20,
          "errors": 0,
          "duration_sec": 38.603706209003576,
          "throughput_rps": 0.5180849706947408,
          "latency_ms": {
            "min": 7634.571250004228,
            "max": 7756.506749996333,
            "mean": 7716.575024951089,
            "p50": 7711.572541498754,
            "p90": 7756.126379399211,
            "p99": 7756.437835286852
          }
        },
        "snapshot": {
          "memory_used_bytes": null,
          "memory_total_bytes": null,
          "fragmentation_proxy": null
        }
      }
    }
  }
}