{
  "kapsl": {
    "models": {
      "0": {
        "benchmark": {
          "requests": 2,
          "ok": 2,
          "errors": 0,
          "duration_sec": 11.989974709000307,
          "throughput_rps": 0.16680602324362656,
          "latency_ms": {
            "min": 5936.853958000029,
            "max": 6052.637959000094,
            "mean": 5994.7459585000615,
            "p50": 5994.7459585000615,
            "p90": 6041.059558900088,
            "p99": 6051.480118990094
          }
        }
      }
    },
    "snapshot": {
      "models": 1,
      "total_memory_bytes": 0,
      "max_model_memory_bytes": 0,
      "fragmentation_estimate": null,
      "runtime_rss_bytes": 3582640128,
      "gpu_memory_bytes": null,
      "system_gpu_utilization": 0.0,
      "total_throughput": 0.0,
      "avg_gpu_utilization": 0.0
    }
  },
  "vllm": {
    "models": {
      "Qwen/Qwen2.5-1.5B-Instruct": {
        "benchmark": {
          "requests": 2,
          "ok": 2,
          "errors": 0,
          "duration_sec": 9.471145750000687,
          "throughput_rps": 0.2111676932012006,
          "latency_ms": {
            "min": 4661.478041000009,
            "max": 4809.379749999607,
            "mean": 4735.428895499808,
            "p50": 4735.428895499808,
            "p90": 4794.589579099647,
            "p99": 4807.900732909611
          }
        },
        "snapshot": {
          "memory_used_bytes": null,
          "memory_total_bytes": null,
          "fragmentation_proxy": null
        }
      }
    }
  }
}