{
  "kapsl": {
    "models": {
      "0": {
        "benchmark": {
          "requests": 8,
          "ok": 8,
          "errors": 0,
          "duration_sec": 48.27312549999988,
          "throughput_rps": 0.16572367993864454,
          "latency_ms": {
            "min": 23907.420999999886,
            "max": 24195.52745799956,
            "mean": 24028.7343281243,
            "p50": 23998.175541999444,
            "p90": 24128.06597929921,
            "p99": 24188.781310129525
          }
        }
      }
    },
    "snapshot": {
      "models": 1,
      "total_memory_bytes": 0,
      "max_model_memory_bytes": 0,
      "fragmentation_estimate": null,
      "runtime_rss_bytes": 3256991744,
      "gpu_memory_bytes": null,
      "system_gpu_utilization": 0.0,
      "total_throughput": 0.0,
      "avg_gpu_utilization": 0.0
    }
  }
}