{
  "kapsl": {
    "models": {
      "0": {
        "benchmark": {
          "requests": 2,
          "ok": 2,
          "errors": 0,
          "duration_sec": 12.651380917002825,
          "throughput_rps": 0.15808550964678486,
          "latency_ms": {
            "min": 6055.201167000632,
            "max": 6595.578542001022,
            "mean": 6325.389854500827,
            "p50": 6325.389854500827,
            "p90": 6541.540804500983,
            "p99": 6590.174768251018
          }
        }
      }
    },
    "snapshot": {
      "models": 1,
      "total_memory_bytes": 0,
      "max_model_memory_bytes": 0,
      "fragmentation_estimate": null,
      "runtime_rss_bytes": 3273064448,
      "gpu_memory_bytes": null,
      "system_gpu_utilization": 0.0,
      "total_throughput": 0.0,
      "avg_gpu_utilization": 0.0
    }
  }
}