{
  "kapsl": {
    "models": {
      "0": {
        "benchmark": {
          "requests": 2,
          "ok": 2,
          "errors": 0,
          "duration_sec": 12.630590958997345,
          "throughput_rps": 0.15834571846183562,
          "latency_ms": {
            "min": 6064.887166998233,
            "max": 6565.087999999378,
            "mean": 6314.987583498805,
            "p50": 6314.987583498805,
            "p90": 6515.067916699263,
            "p99": 6560.085991669366
          }
        }
      }
    },
    "snapshot": {
      "models": 1,
      "total_memory_bytes": 0,
      "max_model_memory_bytes": 0,
      "fragmentation_estimate": null,
      "runtime_rss_bytes": 3693805568,
      "gpu_memory_bytes": null,
      "system_gpu_utilization": 0.0,
      "total_throughput": 0.0,
      "avg_gpu_utilization": 0.0
    }
  }
}