{
  "kapsl": {
    "models": {
      "0": {
        "benchmark": {
          "requests": 2,
          "ok": 2,
          "errors": 0,
          "duration_sec": 11.86032191600043,
          "throughput_rps": 0.16862948697048902,
          "latency_ms": {
            "min": 5881.529082999805,
            "max": 5978.40533300041,
            "mean": 5929.967208000107,
            "p50": 5929.967208000107,
            "p90": 5968.717708000349,
            "p99": 5977.436570500404
          }
        }
      }
    },
    "snapshot": {
      "models": 1,
      "total_memory_bytes": 0,
      "max_model_memory_bytes": 0,
      "fragmentation_estimate": null,
      "runtime_rss_bytes": 2770223104,
      "gpu_memory_bytes": null,
      "system_gpu_utilization": 0.0,
      "total_throughput": 0.0,
      "avg_gpu_utilization": 0.0
    }
  }
}