{
  "kapsl": {
    "models": {
      "0": {
        "benchmark": {
          "requests": 8,
          "ok": 8,
          "errors": 0,
          "duration_sec": 48.136023417002434,
          "throughput_rps": 0.16619569777702636,
          "latency_ms": {
            "min": 23863.5213330017,
            "max": 24122.98141700012,
            "mean": 23959.847000124682,
            "p50": 23928.99675049921,
            "p90": 24061.82725819781,
            "p99": 24116.866001119888
          }
        }
      }
    },
    "snapshot": {
      "models": 1,
      "total_memory_bytes": 0,
      "max_model_memory_bytes": 0,
      "fragmentation_estimate": null,
      "runtime_rss_bytes": 3371237376,
      "gpu_memory_bytes": null,
      "system_gpu_utilization": 0.0,
      "total_throughput": 0.0,
      "avg_gpu_utilization": 0.0
    }
  }
}