config,throughput,p50_ms,p90_ms,p99_ms,errors
default,0.158346,6314.99,6515.07,6560.09,0
batch8_micro8_qd1,0.160360,6235.72,6402.33,6439.81,0
batch4_micro8_qd1,0.158086,6325.39,6541.54,6590.17,0
batch8_micro4_qd1,0.157554,6346.71,6579.15,6631.44,0
